apricot jam;g
apricot puree;g
apricot jam;g
apricot juice;glass
apricots;g
canned apricots;g
avocado;to taste
agave syrup;g
agar;g
agram;g
adjika;g
adjika green;g
quince;to taste
quince puree;g
airan;g
icing;g
shark steaks;g
alcohol;glass
strong alcohol;tbsp. l.
cherry plum;g
albuhara;state.
almehi;g
amaranth flour;g
pineapple syrup;g
pineapple juice;g
pineapples;g
dried pineapples;g
canned pineapples;to taste
anise;to taste
anise asterisks;g
anise liqueur;ml
anise seeds;g
anchovies;g
orange water;g
orange peel;g
orange essence;tsp.
orange jam;g
candied orange;g
orange jam;g
orange jam with ginger;g
orange liqueur;g
orange syrup;glass
orange juice;to taste
freshly squeezed orange juice;g
orange vinegar;tbsp. l.
orange extract;tsp.
oranges;g
red oranges;state.
large oranges;state.
peanut;g
roasted peanuts;g
peanut butter;g
peanut butter;g
salted peanuts;g
watermelon pulp;g
watermelons;g
argan oil;g
arishta;g
flavoring;g
pineapple flavor;to taste
cherry flavor;drop
raspberry flavor;drop
"flavor ""rum""";g
artichokes;g
artichokes in oil;g
pickled artichokes;g
aspirin;state.
assorted meat;g
assorted vegetables;g
assorted fruit;g
assorted berries;g
ashi;g
baguette;g
yesterday's baguette;g
mini baguette;g
bergenia;asterisk
star anise;pinch
lemon basil;g
fresh basil;g
dried basil;g
thai basil;handful
purple basil;g
eggplant;to taste
mini eggplant;g
thai eggplant;g
balyk;g
balm;g
balsamic cream;glass
balsamic sauce;tbsp. l.
balsamic vinegar;glass
riga black balm;tbsp. l.
okra;g
banana puree;g
banana chips;handful
banana green syrup;ml
banana liqueur;ml
bananas;g
mini bananas;g
red mullet;g
mutton liver;g
lamb ham on the bone;piece
minced lamb;g
mutton;g
bagels;g
lamb entrecotes;kg
lamb shanks;state.
lamb giblets;kg
lamb ribs;state.
lamb shoulder;kg
leg of lamb;g
lamb liver;g
barberry;g
dried barberry;tbsp. l.
ground barberry;g
basturma;g
sweet potato;g
loaf;g
chocolate bars;g
meringue;g
bacon;to taste
boiled-smoked bacon;g
smoked bacon;g
belorybitsa;g
birnel;ml
bisquick mixture ready;packet
sponge cake;g
biscuit crumbs;g
sponge cake;g
biscuit roll;g
chocolate sponge cake;g
steak;state.
pancake flour;g
ready-made pancakes;g
oatmeal pancakes;state.
bean sprouts;g
beans;g
mung beans sprouted;g
tonka beans;state.
botarga;g
bresaola;g
brandy;g
frozen broccoli;g
fresh broccoli;g
frozen lingonberries;g
fresh lingonberries;g
dried lingonberries;g
lingonberry jam;g
lingonberry sauce;g
cheese;to taste
serbian cheese;g
swede;g
pork;g
elderberry syrup;tbsp. l.
bouquet garni;bunch
bulgur;g
roll;piece
white bun;g
muffin;g
buns;g
white stale buns;g
brioche buns;state.
yesterday's buns;state.
hamburger buns;state.
cereal buns;state.
rye buns;piece
sesame buns;state.
broth;g
bouillon cubes;g
bourbon;g
burrata;g
buriak;g
confectionery beads;tsp.
silver confectionery beads;to taste
oxtail;g
vanillin;g
vanilla pods;g
vanilla tincture;tbsp. l.
vanilla essence;g
vanilla powder;g
vanilla syrup;g
vanilla extract;to taste
jam;g
wasabi;g
waffle crumbs;g
waffle cakes;g
wafer rolls;g
waffles;g
chocolate waffles;g
vermicelli;g
egg vermicelli;g
vermouth;g
white vermouth;g
dry vermouth;g
ham;g
boiled ham;g
boiled-smoked ham;piece
smoked ham;g
parma ham;g
raw smoked ham;g
oyster mushrooms;g
vinaigrette;g
cream of tartar;pinch
wine vinegar;g
white wine vinegar;g
red wine vinegar;tsp.
wine vinegar with garlic;tsp.
tarragon wine vinegar;tbsp. l.
white wine;to taste
semi-sweet white wine;g
semi-dry white wine;g
sweet white wine;g
white table wine;glass
dry white wine;g
grape;g
seedless grapes;g
white grapes;g
grapes isabella;kg
grape jelly;tbsp. l.
grape leaves;g
pickled grape leaves;g
young grape leaves;state.
grape juice;g
clarified grape juice;tsp.
blue grapes;g
black grapes;g
dessert wine;g
dry sparkling wine;g
red wine;g
semi-sweet red wine;g
semi-dry red wine;g
sweet red wine;g
dry red wine;g
fortified wine;g
semi-sweet rosé wine;tbsp. l.
semi-dry rosé wine;g
whisky;g
vitamin c powder;g
cherry tincture;ml
cherry jam;g
cherry leaves;g
cherry jam;g
cherry liqueur;to taste
cherry syrup;glass
cherry juice;g
cherry;g
dried cherries;g
frozen cherries;g
candied cherry confectionery;state.
cocktail cherry;g
maraschino cherries;state.
cherries mashed with sugar;g
water;g
mineral water without gas;glass
carbonated mineral water;g
vodka;g
anise vodka;tsp.
algae;g
worcestershire sauce;g
galangal root;clove
biscuits;g
hamburger;g
ganache;g
garam masala;g
garnish;g
gazpacho;g
carnation;g
ground cloves;to taste
geranium leaves;g
hercules;g
glaze;g
white glaze;g
glaze ready;to taste
black glaze;to taste
white chocolate glaze;g
monosodium glutamate;g
glucose;g
glucose syrup;g
beef;g
bone-in beef;g
ground beef;to taste
beef tongue;g
beef heart;to taste
beef steaks;g
beef shanks;g
beef lungs;g
beef ribs;g
ribeye beef steaks;g
beef tenderloin;state.
beef brisket;kg
beef shoulder;g
beef medulla;state.
beef pulp;kg
beef liver;state.
beef casings;g
beef neck;kg
goji;g
char fillet;state.
bog bilberry;g
frozen blueberries;g
dove;g
humpback salmon;to taste
pink salmon in its own juice;jar
pink salmon fillet;g
gorgonzola;g
gorgonzola picante;g
pea;g
split peas;g
pea sprouts;handful
pea soup;g
green peas;g
frozen green peas;g
canned green peas;g
fresh green peas;g
mustard;g
dijon mustard;g
dijon mustard with honey;g
yellow mustard seeds;g
spicy mustard;g
russian mustard;tbsp. l.
mustard seeds;g
mustard with seeds;g
dry mustard;g
french mustard;g
citrus mustard;g
mustard oil;g
mustard powder;g
grana padano;tbsp. l.
pomegranate seeds;g
pomegranate paste;tbsp. l.
pomegranate syrup;g
pomegranate juice;g
freshly squeezed pomegranate juice;ml
pomegranate sauce;tsp.
grenades;g
granite;g
granola with nuts;g
grappa;tsp.
gratin;kg
grapefruit peel;g
grapefruit juice;g
grapefruit;g
pink grapefruits;g
grenadine;g
toast;g
walnuts;g
chopped walnuts;g
buckwheat;g
green buckwheat;tbsp. l.
buckwheat soba noodles;g
buckwheat flour;g
buckwheat milk;glass
buckwheat flakes;g
mushrooms;g
white mushrooms;g
frozen white mushrooms;g
pickled white mushrooms;g
dry white mushrooms;g
frozen mushrooms;g
frozen mushrooms (honey mushrooms and butter mushrooms);g
wild mushrooms;g
pickled mushrooms;g
fresh mushrooms;g
salted mushrooms;g
canned straw mushrooms;state.
dry mushrooms;g
shiitake mushrooms;g
dry shiitake mushrooms;g
grill;g
grissini;g
brisket;g
boiled and smoked brisket;g
smoked brisket;to taste
pear puree;g
pear liqueur;ml
pear syrup;ml
pear juice;g
pear vinegar;tbsp. l.
pears;to taste
dried pears;g
gruyère;g
guava;state.
guanciale;g
guryev porridge;g
smoked goose breast;g
goose liver;g
goose fat;tbsp. l.
goose;g
goose carcass;kg
daikon;g
baby food;g
jam;g
gin;g
jusai;g
titanium dioxide;g
dolma;g
dorada;state.
dorado gutted with the head;state.
dorado with his head;state.
dorado carcass;state.
dragee;g
homemade yeast;g
fresh yeast;g
dry yeast;to taste
oak bark;g
oregano;g
melon;g
blackberry;g
frozen blackberries;g
ruff;g
ruff-nosar;state.
gelatine;g
leaf gelatin;to taste
jelly;g
cake jelly;packaging
gelling agent;packaging
gelling sugar;g
ginseng;g
liquid smoke;g
honeysuckle;g
fat;g
melted fat;glass
cooking fat;g
vegetable fat;g
za'atar;pinch
breakfast dry;g
breakfast dry pillows;g
cream thickener;g
hare;g
sourdough;packet
eternal sourdough;g
sugar substitute;to taste
stevia sugar substitute;g
ready-made salad dressing;g
hypericum;to taste
greens;g
chopped greens;g
wild strawberries;to taste
frozen strawberries;g
zephyr;g
zira;g
cereal flakes;g
catfish;g
catfish fillet;g
soy protein isolate;g
raisin;g
seedless raisins;g
white raisins;g
black raisins;g
caviar;g
dried fish caviar;g
pink salmon caviar granular;g
red caviar;g
small red fish caviar;g
flying fish caviar;g
salmon caviar;g
capelin caviar;g
halibut caviar;g
pike perch caviar;g
black caviar;g
ginger jam;g
gingerbread cookies;to taste
candied ginger;tbsp. l.
ginger;g
candied ginger;g
ginger root;g
pickled ginger;g
ground ginger;g
turkey;g
turkey drumstick;g
turkey breast;g
smoked turkey;g
turkey carcass;state.
ground turkey;g
turkey fillet;g
indoutka;state.
turkey liver;g
fig;g
fresh figs;g
dried figs;g
juneberry;g
butterscotch;g
italian herbs;g
yoghurt;g
greek yogurt;g
fat yogurt;g
goat yogurt;g
natural yogurt;g
low-fat yogurt;g
low-fat yogurt;g
fruit yogurt;g
zucchini;g
frozen zucchini;g
young zucchini;g
cajun spice blend;tbsp. l.
cocoa;handful
cocoa beans;g
cocoa butter;g
cocoa powder;to taste
fat-free cocoa powder;g
condensed cocoa;jar
viburnum;to taste
viburnum mashed;g
kalindzhi seeds;tsp.
calvados;g
squid;g
boiled squid;g
frozen squid;g
canned squid;g
squid fillets;state.
camembert;packaging
plaice;g
flounder fillet;g
campari;ml
kandurin zolotoy;tsp.
cannelloni;g
capellini;g
capers;g
capers in wine vinegar;g
marinated capers;g
white cabbage;g
brussels sprouts;g
frozen brussels sprouts;g
kale cabbage;g
sauerkraut;to taste
kohlrabi cabbage;g
red cabbage;g
seaweed;to taste
frozen seaweed;g
dried seaweed;g
peking cabbage;g
savoy cabbage;g
cauliflower;g
frozen cauliflower;g
cabbage brine;g
cappuccino;g
cuttlefish;g
peeled cuttlefish;g
carambola;g
caramel;ml
caramel sauce;g
caramel with filling;g
salted caramel;g
crucian carp;g
carbonado;g
cardamom;g
cardamom grains;tsp.
cardamom ground;g
cardamom pods;state.
hibiscus;g
carp;g
mirror carp;kg
carp fillet;kg
curry;g
curry leaves;g
curry paste;packet
potato;g
boiled potatoes;g
boiled potatoes in their jackets;g
young potatoes;g
mashed potatoes;to taste
potato gnocchi;g
potato flakes;g
potato chips;g
potato starch;g
potato broth;g
frozen potato hash;g
baked potatoes;g
katyk;g
kaffir lime leaves;to taste
porridge;g
porridge for baby food;g
chestnut flour;g
chestnut cream;g
chestnuts;g
boiled chestnuts;g
canned chestnuts;g
peeled chestnuts;g
kvass;g
kvass wort;g
dry kvass concentrate;packaging
bread kvass;g
cedar flour;g
pine nuts;g
roasted pine nuts;g
siberian salmon;g
ketchup spicy;to taste
tomato ketchup;g
tuscan ketchup;tbsp. l.
kebab ketchup;g
mullet;g
kefir;to taste
kefir 1%;g
kefir 2.5%;g
kefir 3.2%;g
fat-free kefir;g
cashew;g
kivano;g
kiwi;kg
kiwi jelly;g
coho salmon;g
hot smoked coho salmon fillets;g
dogwood;g
sprat;g
kimchi;g
fresh cilantro;denticle
dried cilantro;g
quinoa;g
ground quinoa;g
boiling water;g
kirsch;tbsp. l.
kissel;g
dry jelly;g
fermented milk drink tan;ml
guts;g
gluten;g
clementine;g
maple syrup;g
strawberry;g
strawberries in syrup;g
frozen strawberries;g
strawberries mashed with sugar;g
dried strawberries;g
strawberry jam;g
strawberry jelly;packaging
strawberry puree;g
strawberry jam;g
strawberry jam thick;ml
strawberry compote;glass
strawberry liqueur;g
strawberry syrup;g
cranberry;g
dried cranberries;g
frozen cranberries;g
cranberries mashed with sugar;g
cranberry jam;g
cranberry jam;g
cranberry juice;tbsp. l.
cranberry syrup;g
cranberry sauce;g
goat liver;g
young goat meat;kg
coca-cola;tbsp. l.
coconut water;glass
coconut flour;tbsp. l.
coconut flakes;g
colored coconut flakes;g
coconut oil;ml
coconut milk;g
coconut cream;g
coconut liqueur;tbsp. l.
coconut extract;g
coconuts;g
cola;g
sausage;g
boiled sausage;g
boiled-smoked sausage;g
smoked sausage;g
blood sausage;g
semi-smoked sausage;g
smoked sausage;g
fresh pork sausage (salsiccia);state.
sausages;g
sausages for frying;g
homemade sausages;state.
hunting sausages;g
smoked sausages;state.
compote;g
hemp oil;tbsp. l.
hemp seeds;g
candy;to taste
m&m's candies;g
chewing licorice candies;g
candy cow;g
truffle candies;g
confiture;to taste
confitürk;packaging
cognac;g
smoked meats;g
roots;to taste
coriander;g
coriander greens;g
ground coriander;g
coriander seeds;g
currant;tbsp. l.
cinnamon;g
ground cinnamon;g
gherkins;g
pickled gherkins;g
smelt;g
hot-smoked smelt;g
dice;g
cerebral bones;g
sugar bone;g
coffee beans;glass
coffee is green;g
coffee beans in chocolate;g
coffee liqueur;g
kahlua coffee liqueur;ml
coffee drink;ml
coffee syrup;g
coffee extract;ml
ground coffee;tbsp. l.
instant coffee;g
freshly brewed coffee;g
black coffee;g
espresso;glass
crab meat;g
crab sticks;to taste
snow crab;to taste
crabs;g
nettle;g
food dye-gel;state.
food coloring;g
cherry food coloring;pinch
food coloring yellow;g
food coloring green;tbsp. l.
food coloring red;g
food coloring orange;g
food coloring purple;g
food coloring black;g
redcurrant;g
red currant mashed with sugar;tbsp. l.
rudd;state.
redcurrant jam;g
red wine sauce;g
starch;g
shrimp;g
frozen shrimp;g
royal shrimp;g
peeled shrimp;g
shrimp peeled in brine;g
salad shrimp;g
dried shrimp;g
tiger shrimp;g
cracker;g
salted cracker;g
custard cream;g
custard cream powder;g
crème fraiche;g
cress;g
blood;ml
rabbit;g
rabbit carcass;g
rabbit fillet;g
rabbit liver;g
croissants;to taste
croutons are small;g
gooseberry;g
gooseberry jam;jar
maize;g
frozen corn;g
canned corn;g
roasted corn kikos;g
corn grits;g
cornflour;g
corn oil;g
corn tortillas;state.
corn sticks;g
cornflakes;g
glazed cornflakes;g
corn chips;g
corn (golden) syrup;g
cornstarch;to taste
cumin;g
kumquats;handful
sesame;g
sesame flour;g
sesame paste;g
sesame oil;g
sesame seeds;to taste
black sesame seeds;tsp.
kupaty;state.
dried apricots;to taste
tail fat;g
"tail fat;";g
chicken ham;g
chicken skin;g
chicken liver;g
chicken carpaccio;g
chicken fillet;g
chicken thighs;g
chicken drumsticks;g
smoked chicken drumsticks;state.
chicken breasts;g
boiled chicken breasts;g
smoked chicken breasts;g
chicken gizzards;state.
chicken bones;g
chicken wings;g
chicken legs;g
smoked chicken legs;g
chicken giblets;g
chicken hearts;g
chicken broth;g
chicken pâté;g
chicken soup set;kg
minced chicken;g
hen;g
boiled chicken;g
chicken for frying;kg
smoked chicken;g
chicken carcass;g
turmeric;g
partridge;g
couscous;g
pearl couscous;glass
carob;g
lavender;g
dried lavender;pinch
lavender dye;tsp.
lavash;to taste
armenian lavash;g
persian round pita bread;g
thin pita bread;layer
fresh bay leaves;state.
bay leaf;g
lime;g
lime leaves;state.
lime zest;g
lime juice;g
langoustines;state.
noodles;g
lagman noodles;packaging
shirataki noodles;g
egg noodles in nests;state.
lettuce;g
lungs;g
ice;g
lady fish carcass;state.
lemongrass (lemongrass);g
flax seeds;g
cakes;g
arabian flatbreads;state.
hazelnuts;g
lecho;g
pluck;g
liqueur;g
alchermes liqueur;g
amaretto liqueur;g
baileys liqueur;g
cointreau liqueur;g
cream liqueur;g
creamy liqueur;g
lemonade;g
citric acid;g
lemon zest;g
schisandra stem;g
schisandra berries;g
candied lemon peels;g
candied lemon;g
lemon juice;g
lemon vinegar;g
lemon extract;g
limoncello;g
lemons;g
linguine;state.
chanterelles;g
dried chanterelles;g
lychee;state.
lychee compote;g
lobster;g
longan;g
longkong;state.
salmon milk;g
minced salmon;g
salmon;g
hot smoked salmon;g
smoked salmon;g
freshly salted salmon;g
fresh salmon;g
salmon fresh fillet;g
lightly salted salmon;g
salmon steaks;g
salmon fillet;g
salmon fillet on the skin;g
cold-smoked salmon;g
moose meat;kg
white onion;to taste
green onion;g
red onion;to taste
pickled onions;g
onion peel;g
onion powder;g
leek;handful
chive;to taste
onion;g
small onions;g
onions salad;state.
dried onions;g
shallots;g
red shallots;state.
flaxseed flour;g
linseed oil;tsp.
linseed;g
ground flaxseed;g
lovage;g
maasdam;g
madeira;g
mayonnaise;g
homemade mayonnaise;g
light mayonnaise;g
"mayonnaise sauce ""sloboda"" lean";g
olive mayonnaise;g
"mayonnaise ""sloboda"" light";g
"mayonnaise ""sloboda"" on quail eggs";g
"mayonnaise ""sloboda"" olive";g
"mayonnaise ""sloboda"" provencal";g
"mayonnaise ""sloboda"" with lemon juice";g
"mayonnaise ""sloboda"" sour cream";g
marjoram;g
fresh marjoram;to taste
dried marjoram;g
poppy;g
pasta;g
small pasta;g
macaroni;g
butterfly pasta (farfalle);g
butterfly pasta (farfalle) mini;g
bavette pasta;g
pasta bows;g
bucatini pasta;g
gigli's pasta;g
pasta ditaloni;g
star pasta;glass
orzo pasta;g
shell pasta (conchiglie);g
shell pasta (conchiglie rigate);g
large shell pasta;g
pasta risoni;g
pasta cones (pipe rigate);g
spiral pasta (fusilli);g
macaroni ears (orecchiette);g
maccheroncini;g
ground poppy seeds;g
poppy mass;batch
raspberry;g
frozen raspberries;g
raspberries mashed with sugar;glass
dried raspberries;g
raspberry jam;g
raspberry jelly;g
raspberry puree;g
raspberry jam;g
raspberry cream;g
raspberry syrup;tsp.
raspberry sauce;tsp.
raspberry vinegar;ml
raspberry tea;g
mango;to taste
mango syrup;ml
canned mango;g
chard;g
mangosteen;state.
tangerine puree;g
candied tangerines;g
tangerine juice;g
tangerines;to taste
tangerines in their own juice;g
semolina;g
passion fruit;g
margarine;g
creamy margarine;g
marmalade;to taste
sandwich marmalade;g
marsala;glass
martini;g
martini red;g
marzipan;to taste
marzipan green;g
marzipan pink;g
marshmallows;g
marshmallow cream;g
marshmallow mini;g
mascarpone;g
olives;g
pitted olives;g
avocado oil;g
grape seed oil;g
walnut oil;tsp.
deep-frying oil;g
pine nut oil;g
butter;g
mastic;g
gelatin mastic;g
chocolate mastic;g
match;g
mafaldine;g
matzo;g
yogurt;g
green gram;g
honey;g
acacia honey;g
buckwheat honey;g
liquid honey;g
lavender honey;g
melissa;g
meringues;state.
mussels;g
mussels in shells;g
"mussels in shells are large, black;";g
mussels in shells are small green;g
frozen mussels;state.
mussels smoked in oil;g
microgreens;handful
almond;g
roasted almonds;g
crushed almonds;g
almond mass;g
almond flour;g
almond paste;g
almond essence;g
almond oil;g
almond milk;g
macaroon;g
almond praline;g
almond petals;g
almond liqueur;g
almond syrup;g
almond extract;drop
peeled almonds;g
chopped almonds;g
mini corn;state.
lamprey;g
pollock;g
pollock liver;g
pollock fillet;g
miso paste;g
miso soup;packet
juniper berries;g
capelin;g
clams;g
milk;g
milk 0.5%;g
milk 1.5%;g
milk 2.5%;g
milk 3.2%;g
milk 3.6%;g
milk 4%;g
milk 6%;g
goat's milk;g
concentrated milk;g
rice milk;ml
condensed milk;g
boiled condensed milk;tbsp. l.
condensed milk with cocoa;g
milk powder;g
skimmed milk powder;tbsp. l.
baked milk;g
milk formula;g
dairy products;g
seafood;state.
carrot puree;g
carrot;g
boiled carrots;g
large carrots;g
young carrots;g
korean-style carrots;g
grated carrots;state.
ice cream;to taste
vanilla ice cream;g
strawberry ice cream;g
lemon ice cream;to taste
raspberry ice cream;g
ice cream ice cream;g
chocolate ice cream;ml
cloudberry;g
scallops;kg
sea cocktail;g
sea cocktail in oil;packaging
frozen sea cocktail;g
monkfish;g
marine language;g
sea tongue fillet;g
mortadella;g
mozzarella;g
mozzarella for baking;g
mozzarella for pizza;g
mozzarella mini;g
mozzarella with herbs;g
mozzarella ball big;g
flour;g
flour 1 grade;g
flour 2 grade;g
"flour ""aladushkin""";g
wholemeal flour;g
tempura flour;g
wheat germ flour;tbsp. l.
manitoba flour;g
self-rising flour;g
bran flour;tsp.
flour with seeds;g
baking flour;g
whole wheat flour;g
white nutmeg;ml
muscat wine;g
nutmeg;g
ground nutmeg;g
muesli;g
soft cottage cheese;g
broth;g
minced meat;g
meat;g
wild boar meat;g
krill meat;g
meat on the bone;kg
mint;g
dried mint;g
mint syrup;g
mint schnapps;g
nardek;g
nectarines;state.
boneless leg of lamb;g
nori;g
nougat;g
nougat with nuts;g
chickpea;g
nutella;g
canned chickpeas;g
chickpea flour;g
sea buckthorn;g
frozen sea buckthorn;g
sea buckthorn syrup;glass
vegetables;g
vegetable mixture;g
frozen vegetable mixture;g
frozen vegetable mix for wok;g
chinese vegetable mix;g
vegetable broth;to taste
oatmeal;g
oat milk;glass
oatmeal cookies;g
oatmeal;g
oat grains;g
oat bran;g
rolled oats;g
instant oatmeal;g
cucumber brine;glass
cucumbers;g
canned cucumbers;state.
lightly salted cucumbers;state.
pickled cucumbers;jar
fresh cucumbers;g
pickled cucumbers;g
dandelions;g
ham;g
boiled-smoked ham;g
perch;g
red fillet perch;g
sea bass;g
sea bass fillet;g
perch fillet;g
venison;g
olives;g
seedless olives;g
green olives;to taste
canned green olives;jar
kalamata olives;g
canned olives;g
olives stuffed with anchovies;g
black olives;to taste
olive paste;g
olive oil;g
extra virgin olive oil;g
prickly pear fruit;g
mushrooms;to taste
frozen honey mushrooms;g
pickled honey mushrooms;g
oregano;g
oregano fresh;g
dried oregano;g
nuts;g
brazil nuts;g
macadamia nuts;g
pecans;g
pine nuts;g
nut crumbs;glass
nut butter;state.
nut butter;tbsp. l.
nut liqueur;ml
peanut sauce;tbsp. l.
sturgeon;g
cold-smoked sturgeon;g
octopus;g
canned octopus;g
octopus mini;g
bran;g
neck;g
pagr;g
fenugreek;g
fenugreek seeds;g
halibut;g
palm oil;g
wonton;g
panettone;state.
panifarin;g
pancetta;g
papaya;g
canned papaya in its own juice;g
fern;g
salted fern;packaging
pappardelle;g
paprika;g
smoked paprika;tbsp. l.
red paprika;tbsp. l.
ground red paprika;g
smoked spicy paprika;g
sweet paprika;g
smoked sweet paprika;g
sweet paprika flakes;tsp.
parmesan;g
paste;g
vegemite pasta;g
tahini paste;g
harisa pasta;tbsp. l.
parsnip;g
pastila;g
grape pastila;g
squash;g
treacle;g
starch molasses;g
black molasses (molasses);g
buttermilk;g
pâté;g
baking powder;g
baking powder;tsp.
pecorino;g
pectin;g
pelengas;g
meat dumplings;g
penne;g
penne rigate;g
pepperoncino;tsp.
pepperoncino ground;pinch
chocolate transfer sheet;state.
quails;carcass
pepper;g
white pepper;g
white peppercorns;to taste
ground white pepper;g
freshly ground white pepper;tsp.
bell pepper;g
yellow bell pepper;g
green bell pepper;g
red bell pepper;g
peppercorns;g
peppercorn mixture;g
allspice;pinch
allspice peas;g
ground allspice;g
hot spanish pepper;state.
cayenne pepper;g
red cayenne pepper;g
ground cayenne pepper;pinch
red pepper;g
red peppercorns;g
hot red pepper;g
ground red pepper;g
hot red pepper;g
ground red hot pepper;to taste
red pepper flakes;pinch
lemon pepper;g
pickled pepper;g
hot pepper;g
hot green pepper;state.
ground hot pepper;pinch
padrón pepper;g
pepperoni pepper;g
pepperoni red pepper;state.
pink peppercorns;g
freshly ground pepper mixture;g
senegalese pepper;to taste
sweet pepper;g
sweet yellow pepper;g
sweet green pepper;g
sweet red pepper;g
pickled sweet red pepper;state.
ground sweet red pepper;g
sweet orange pepper;g
dried sweet pepper;g
sichuan pepper;g
jalapeno peppers;g
pickled jalapeno peppers;state.
black pepper;tbsp. l.
black peppercorns;to taste
ground black pepper;g
freshly ground black pepper;g
chili;g
green chili peppers;pod
red chili peppers;pod
pickled chili peppers;to taste
ground chili pepper;g
dry chili pepper;tbsp. l.
chili pepper flakes;to taste
jamaican pepper;g
pearl barley;g
pearl barley flour;g
peaches;g
canned peaches;g
dried peaches;handful
peach puree;g
peach jam;g
peach marmalade;tbsp. l.
peach syrup;ml
peach juice;g
pepper paste;tsp.
parsley;g
parsley greens;g
italian parsley;bunch
parsley root;g
chopped parsley;g
dried parsley;g
liver;g
cookie;to taste
oreo cookies;g
amaretti biscuits;g
biscuit biscuits;g
biscuits;state.
"biscuits ""lady's fingers""";g
shortbread biscuits;g
crumbly biscuits;g
savoyardi biscuits;g
sugar biscuits;g
sweet biscuits;g
dry biscuits;g
chocolate biscuits;g
jubilee milk biscuits;g
beer;g
ginger beer;ml
unfiltered beer;g
light beer;g
dark beer;jar
haddock;state.
pita;to taste
jam;g
sunflower oil;g
sunflower seeds;g
spelt;g
spelt unripe;g
polenta;to taste
instant polenta;glass
pomelo;g
tomatoes;g
brown tomatoes;g
sun-dried tomatoes;to taste
sun-dried tomatoes in oil;g
yellow tomatoes;state.
green tomatoes;kg
canned tomatoes;g
canned tomatoes in their own juice;g
canned tomatoes in their own juice with basil;g
tomatoes mashed passata;g
salted tomatoes;state.
tomatoes dried in flakes;g
cherry tomatoes;g
cherry tomatoes yellow;g
popcorn;g
piglet;kg
port;g
portobello;g
purslane;g
confectionery sprinkles;to taste
kidneys;g
seasoning 4 peppers;g
seasoning 5 spices (five spice);tsp.
seasoning for lamb;tbsp. l.
seasoning for potatoes;g
chicken seasoning;g
pasta seasoning;to taste
seasoning for marinating pork;to taste
seafood seasoning;to taste
seasoning for meat;g
seasoning for paella;to taste
pizza seasoning;tsp.
seasoning for pilaf;g
seasoning for poultry;tbsp. l.
seasoning for fish;g
salad seasoning;to taste
zaatar seasoning;tsp.
creole seasoning;tbsp. l.
seasoning with dried mushrooms;tsp.
seasoning;g
provencal herbs;g
provolone;g
prosecco;ml
clabber;g
whey protein;g
prosciutto;g
gingerbread;g
gingerbread spices;g
spices;g
psyllium;g
ptitim;g
pudding;g
vanilla pudding;g
pudding vanilla instant;packaging
caramel pudding;g
wheat;g
wheat groats;g
wheat flour;g
whole wheat flour;g
wheat germ;glass
wheat bran;g
wheat sprouts;g
wheat flakes;g
millet flakes;tbsp. l.
millet;g
pollen floral;g
puree;to taste
radicchio;state.
baking powder;g
cancers;state.
cancerous cervix;g
crayfish cervix in brine;g
rambutan;g
rapans;g
canola oil;to taste
pickle;g
brine from capers;tbsp. l.
brine from olives;tbsp. l.
vegetable oil;g
vegetable oil for frying;g
unrefined vegetable oil;glass
refined vegetable oil;g
plant-based milk;glass
rhubarb;g
regan;sprig
radish;g
radish;g
white radish;state.
green radish;state.
black radish;state.
turnip;g
white turnips;state.
rye sourdough;g
rye sourdough is thick;g
rye flour;g
rye bran;g
rigatoni;g
ricotta;g
ricotta hard;g
rice;g
arborio rice;g
basmati rice;g
brown rice;g
brown rice and wild mixture;g
boiled rice;g
viola rice;g
devzira rice;g
wild rice;g
wild rice and golden mixture;g
long-grain rice;g
long-grain golden rice;g
rice for pilaf;g
rice for pudding;g
rice for risotto;g
sushi rice;g
jasmine rice;g
golden rice;g
indica rice;g
italica rice;g
carnaroli rice;g
rice red;g
round-grain rice;g
kuban rice;g
rice paper;g
rice noodles;g
rice flour;g
rice wine;tsp.
rice flakes;g
rice balls air;g
rice starch;tbsp. l.
rice vinegar;to taste
steamed rice;g
steamed rice and wild mixture;g
japonica rice;g
rye;g
rosemary;state.
dried rosemary;to taste
rose water;g
dried pink buds;g
rose petals;g
roses;g
roquefort;g
rum;bottle
dried chamomile;g
rum extract;tsp.
dark rum;g
roast beef;g
arugula;g
knuckle;to taste
fish;g
white fish;g
white fillet fish;g
canned fish;jar
smoked fish;g
smoked fish fillet;g
red fish;g
salted red fish;g
fish red fillet;g
swordfish;g
sea fish;g
sunfish fillet;state.
salt fish;carcass
fish fillets;g
canned fish;g
fish bones;g
fish clippings, heads, fins;to taste
fish broth;g
fish sauce;g
nam pla fish sauce;g
thai fish sauce;g
minced fish;g
chokeberry;g
fritillary;g
ryazhenka;g
fermented baked milk 4%;g
pollack;g
pollock philae;g
saury;g
canned saury;jar
sake;tbsp. l.
baltic herring;g
salad;g
iceberg lettuce;g
chinese salad;g
corn salad;bunch
head lettuce;g
curly salad;g
leaf lettuce;g
salad mix;g
romano salad;g
frisse salad;g
fat;g
smoked lard in pepper;g
smoked lard with meat layers;g
lard with meat layers;g
gland;g
salsa;g
salsa verde;tsp.
salami;g
italian salami;g
sausages;g
smoked sausages;g
sardines are small;state.
sardines;g
sardines in oil;jar
sugar;g
vanilla sugar;g
demerara sugar;g
pearl sugar;g
brown sugar;g
coarse-crystalline brown sugar;g
muscovado sugar;handful
powdered sugar;g
powdered orange sugar;g
powdered vanilla sugar;g
sugar pearls;g
sugar confectionery decorations;handful
sugar;g
coarse granulated sugar;g
granulated sugar;g
sugar syrup;g
palm sugar;g
refined sugar;g
refined sugar with cinnamon;g
cane sugar;g
svan salt;g
beet;g
boiled beets;g
beet tops;g
beetroot leaves;g
pork tenderloin;g
pig's head;g
pork belly;g
pork loin;g
smoked pork loin;g
pork loin on the bone;g
boiled-smoked pork shoulder;g
pork pulp;g
pork flank;kg
pork liver;g
pork knuckle;to taste
boiled-smoked pork knuckle;g
smoked pork knuckle;g
pork neck;piece
pork;g
boiled pork;g
lean pork;g
pork with fat;g
pig heart;g
pork fillet;g
pork undercuts;g
minced pork;g
pork tongue;g
pork cutlets on the bone;state.
pork lungs;g
pork legs;g
pork chops;g
pork chops on the bone;g
pork ribs;g
pig ears;state.
pork cheeks;state.
sweetie;g
celery;g
celery greens;g
celery root;g
dried celery root;to taste
celery salt;g
celery seeds;tsp.
celery stalks;g
herring;g
lightly salted herring;g
salted herring;state.
herring fillet;g
salmon;g
smoked salmon;g
fresh salmon;g
salted salmon;g
salmon fillet on the skin;g
seeds;g
seeds blend;tbsp. l.
semolina;g
boiled-smoked cervelat;g
sea bass;g
cider;g
syrup;g
syrup from canned pears;g
syrup from canned peaches;tbsp. l.
jerusalem artichoke syrup;glass
mackerel;to taste
fresh mackerel;g
mackerel fillets;g
cold-smoked mackerel;g
cream;packaging
cream 10-20%;g
cream 15%;g
cream 20%;g
cream 33-35%;g
heavy cream;g
confectionery cream;g
plum paste;g
plum jam;g
plum wine;g
plum jam;g
plum liqueur;tbsp. l.
plum sauce;g
butter;g
plums;kg
frozen plums;g
lard;g
cake mix;state.
mix for pancakes;g
8 cereal bread mix;g
sour cream;g
sour cream 10%;g
sour cream 15%;tsp.
sour cream 18%;g
sour cream 20%;g
sour cream 25%;g
sour cream 30%;g
sour cream 35%;g
fat sour cream;g
low-fat sour cream;g
non-acidic sour cream;g
dried currants;g
currant leaves;g
dry morels;g
snowball;l
slyt;g
soda;g
soybean flour;g
soybean oil;g
soy milk;g
soybean sprouts;g
soy;g
juice;g
juice from blood oranges;ml
multivitamin juice;ml
yuzu juice;ml
malt;tsp.
liquid malt;g
malt extract;g
dark malt;g
straw;g
salt;g
himalayan salt;g
coarse salt;g
sea salt;g
catfish fillet;g
frankfurters;g
minced chicken sausages;state.
smoked sausages;g
sauce;g
black bean sauce;tbsp. l.
sambal oelek sauce;tsp.
bbq sauce;g
krasnodar sauce;g
red spicy sauce;g
mirin sauce;to taste
narsharab sauce;g
spicy sauce;g
pesto sauce;to taste
satsebeli sauce;g
tabasco sauce;drop
teriyaki sauce;g
tkemali sauce;glass
tkemali noble sauce;g
tkemali early sauce;tbsp. l.
oyster sauce;tsp.
chili sauce;g
sweet chili sauce;tsp.
exotic sauce;g
soy;g
spaghetti;g
spaghetti no. 3;g
spaghetti no. 5;g
spaghetti lungi;g
asparagus;kg
white asparagus;g
green asparagus;g
young asparagus;g
speck;g
spelt;glass
spelt (spelt) flour;g
spices;g
alcohol;g
spirulina powder;g
spread;g
scad;g
salmon steak;state.
salmon steak;g
glass noodles;g
stracciatella;g
zander;g
pike perch fillet;g
pike perch fillet on the skin;g
suluguni;g
smoked suluguni;g
sumac;g
soup set;g
rusks;to taste
white crackers;g
ground crackers;g
breadcrumbs;g
rye crackers;g
breadcrumbs;g
dried fruit;g
tropical dried fruits;to taste
drying;g
whey;g
cheese;g
tete de moine cheese;g
cheese austria blue;g
adyghe cheese;g
brie cheese;g
buko cheese;g
gouda cheese;g
goya cheese;g
dutch cheese;g
blue cheese;g
graviera cheese;g
dzhugas cheese;g
homemade cheese;g
dorblü cheese;g
imeretian cheese;g
kefalotiri cheese;g
cottage cheese curds;g
soft goat cheese;g
hard goat cheese;g
sausage cheese;g
smoked cheese;g
cheese cottage;g
mascarpone cheese;g
marbled cheese;g
soft cheese;to taste
sheep cheese;g
paneer cheese;g
peschet mignon cheese;g
processed cheese;g
processed chocolate cheese;g
cheese slices;g
semi-hard cheese;g
provola cheese;g
russian cheese;g
scamorza cheese;g
smoked scamorza cheese;g
cream cheese;g
blue cheese;g
blue cheese soft;g
hard cheese;g
philadelphia cheese;g
fontina cheese;g
havarti cheese;g
swiss cheese;g
rennet;tsp.
talegio;g
tagliolini;g
tagliatelle;g
tagliatelle-nests;state.
tamarind;state.
tamarind paste;tsp.
tapioca;g
tartlets;to taste
tartarus;tbsp. l.
tarragon;g
curd;g
cottage cheese 18%;g
cottage cheese 2%;g
cottage cheese 5%;g
cottage cheese 9%;g
fat cottage cheese;g
cottage cheese granulated;g
low-fat cottage cheese;g
cottage cheese mass;g
cottage cheese paste;g
cottage cheese;g
salty cottage cheese;g
strawberry cottage cheese;g
tequila;glass
veal;to taste
boiled veal;g
minced veal;g
veal chops on the bone;state.
veal schnitzels;state.
veal escalopes;g
veal tenderloin;g
veal liver;g
calf cheek;state.
yeast-free dough;g
ready-made dough;g
wonton dough;g
pizza dough;state.
yeast dough;to taste
kataifi dough;g
pasta dough;g
pasta dough for lasagna;g
dumpling dough;g
shortcrust pastry;to taste
unleavened dough;g
gingerbread dough;g
puff pastry;g
puff pastry without yeast;to taste
puff yeast dough;kg
filo dough;g
tilapia;g
tilapia fillet;g
tilsiter;g
thyme;handful
lemon thyme;sprig
fresh thyme;to taste
dried thyme;g
tkemali;g
caraway;g
ground cumin;g
tomato paste;g
tomato puree;g
tomato concentrate;g
tomato powder;g
tomato juice;g
catsup;g
italian tomato sauce;g
spicy tomato sauce;g
tomato sauce with basil;g
tonic;bottle
jerusalem artichoke;g
ghee;g
tortilla;to taste
tortilloni;g
tofu;g
aromatic herbs;g
herbs spicy with pepper;tsp.
grasses are dry;g
cod;g
cod liver;g
cod fillet;g
truffle;g
truffle crumbs;g
truffle oil;tbsp. l.
black truffle;state.
tuna;to taste
canned tuna;g
tuna fillets;g
stew;g
pumpkin;g
pumpkin seed oil;state.
pumpkin puree;g
pumpkin seeds;g
fresh tulka;g
eel;g
smoked eel;g
ugurt;g
dill;g
dill seed;tsp.
fresh dill;g
dried dill;g
vinegar;g
vinegar 9%;g
cider vinegar;tbsp. l.
vinegar essence;g
table vinegar;g
snails;g
grape snails;state.
apricots;g
oysters;g
duck breast;g
duck liver;g
duck fillet;g
duck thighs;g
duck legs;to taste
duck;to taste
baked duck;g
duck carcass;carcass
utsho-suneli;g
pheasant;g
minced meat (lamb and beef);g
minced meat (pork and chicken);g
bean;g
white beans;g
canned white beans;g
white lima beans;g
green beans;g
kenyan beans;handful
kidney red beans;g
canned beans;g
red beans;g
boiled red beans;glass
canned red beans;g
young frozen beans;g
pinto beans;g
boiled asparagus beans;g
green beans;g
frozen green beans;g
canned green beans;g
beans black eye;g
feijoa;g
fennel;g
fennel seeds;g
ground fennel seeds;g
festonate;g
feta;g
fetaki;g
fetax;g
fettuccine;g
candied violets;state.
violet syrup;g
physalis;to taste
red perch fillet;state.
salmon fillet;g
halibut fillet;state.
dates;g
seedless dates;glass
iranian dates;g
seedless iranian dates;state.
pistachios;g
peeled pistachios;g
peeled unsalted pistachios;handful
chopped pistachios;g
pistachio flour;g
pistachio paste;g
pistachio oil;g
focaccia;to taste
trout;g
boiled trout;g
hot smoked trout;g
fresh lake trout;state.
lightly salted trout;g
trout steaks;state.
trout fillets;g
cold-smoked trout;g
meatballs;g
dragon fruit;state.
fruit syrup;g
fruit juice;g
sugar-free fruit juice;glass
fructose;g
fruit;g
canned fruits;g
hazelnut;g
hazelnut flour;g
funchoza;g
halva;g
vanilla halva;g
sunflower halva;g
halloumi;g
hamon;g
hake;g
hake fillet;g
sherry;glass
sherry vinegar;tsp.
bread;g
bread 7 cereals;loaf
white bread;g
dry white bread;g
bread borodino;piece
danish rye bread;g
sandwich bread;g
breadcrumbs;g
rye bread;g
grey bread;g
bread with sesame seeds;piece
whole wheat bread;g
whole grain wheat-rye bread;g
flakes 4 cereals;g
flakes of 5 cereals;g
flakes of 7 cereals;tbsp. l.
instant cereal;glass
calcium chloride;g
hops-suneli;g
hop;tbsp. l.
horseradish;g
pureed horseradish;g
horseradish with cream;g
persimmon;g
ripe persimmon;g
guinea fowl carcass;g
chicory;tsp.
candied citron;handful
candied citrus fruits;state.
citrus freshly squeezed juice;ml
candied fruit;g
zucchini;g
zucchini flowers;state.
chickens;g
gherkin chickens;state.
savory;g
thyme;g
dried thyme;g
darjeeling tea;bag
jasmine tea;tbsp. l.
green tea;bag
smoked lapsang souchong tea;g
red tea;g
rooibos tea;tbsp. l.
black tea;g
large-leaf black tea;tsp.
black tea with spices;packet
earl grey tea;glass
mango chutney;g
cheddar;g
bird cherry;g
bird cherry flour;g
ramson;g
cherry jam;g
cherry;g
pitted canned cherries;tbsp. l.
blackcurrant;g
bilberry;g
frozen blueberries;g
cuttlefish ink;g
blueberry jam;glass
prune;g
pitted prunes;g
dried prunes;g
pitted smoked prunes;g
blackcurrant jam;g
blackcurrant jam;g
garlic;g
young garlic;g
dried garlic;g
garlic salt;pinch
garlic oil;to taste
garlic powder;g
lentil;g
boiled lentils;tbsp. l.
green lentils;g
red lentils;g
chechil spaghetti;g
ciabatta;piece
chia seeds;g
chipotle ground;pinch
chip;g
chorizo;g
sage;g
fresh sage;bunch
dried sage;leaf
champagne;g
soviet champagne;glass
dry champagne;tbsp. l.
mushrooms;to taste
frozen mushrooms;g
canned champignons;g
pickled mushrooms;g
fresh mushrooms;g
saffron;g
imeretian saffron;g
ground saffron;tsp.
saffron threads;state.
mulberry;g
dried mulberries;g
briar;g
rosehip syrup;g
schnapps;g
chives;stalk
chocolate;g
white chocolate;g
bitter chocolate with orange peel;g
milk chocolate;g
mint chocolate;g
chocolate paste;g
chocolate chips;g
chocolate butter;g
chocolate and nut butter;g
chocolate peas;g
chocolate drops;g
chocolate drops white;g
chocolates;g
chocolate flakes;g
chocolate balls from ready-made breakfasts;handful
chocolate liqueur;g
chocolate syrup;g
chocolate sauce;g
semi-sweet chocolate;g
chocolate with nuts;g
dark bitter chocolate;g
dark bitter chocolate 70%;g
dark bitter chocolate 75%;tsp.
dark bitter chocolate 85%;g
shortening;glass
bacon;state.
smoked bacon;g
spinach;g
frozen spinach;g
young spinach;g
fresh spinach;g
sprats;g
sprats in oil;g
meal;g
frozen sorrel;g
fresh sorrel;sprig
pike;g
pike fillet;g
eggnog;glass
edam;g
ale;ml
emmental;g
escalope;g
tarragon;g
dried tarragon;sprig
apples;g
apples antonovka;kg
gala apples;g
golden apples;g
granny smith apples;kg
green apples;g
red apples;state.
soaked apples;state.
apples of non-hard varieties;g
sweet apples;g
dried apples;g
apple essence;tsp.
apple jam;g
apple jam;g
applesauce;g
apple chips;glass
apple jam;g
apple syrup;tbsp. l.
apple juice;g
apple sauce;tbsp. l.
apple cider vinegar;g
lamb;g
lamb bonfire;g
minced lamb;g
lamb chops on the bone;state.
chopped lamb drumstick;g
lamb loin;g
berry jam;tbsp. l.
berry jelly;g
berry syrup;g
berry juice;g
sour berry sauce;g
berries;g
dried berries;to taste
frozen berries;g
wild berries;g
frozen wild berries;g
egg whites;g
egg yolks;g
boiled egg yolks;state.
egg yolks are large;g
egg melange;g
egg powder;tbsp. l.
chicken eggs;g
large chicken eggs;g
quail eggs;g
japanese panko baby;g
barley flakes;g
barley;g
barley groats;g